{"AMIN": {"precision": 0.6821885913853318, "recall": 0.7306733167082294, "f1": 0.7055990367248647, "number": 3208}, "BIO": {"precision": 0.0, "recall": 0.0, "f1": 0.0, "number": 16}, "CEL": {"precision": 0.6326530612244898, "recall": 0.7560975609756098, "f1": 0.6888888888888889, "number": 82}, "DIS": {"precision": 0.6953883495145631, "recall": 0.7549407114624506, "f1": 0.7239418825015792, "number": 1518}, "EVE": {"precision": 0.8913043478260869, "recall": 0.9318181818181818, "f1": 0.9111111111111111, "number": 704}, "FOOD": {"precision": 0.5925925925925926, "recall": 0.508833922261484, "f1": 0.5475285171102661, "number": 1132}, "INST": {"precision": 0.5, "recall": 0.5, "f1": 0.5, "number": 24}, "LOC": {"precision": 0.9550459475122113, "recall": 0.959414504324684, "f1": 0.9572252416711613, "number": 24048}, "MEDIA": {"precision": 0.8879668049792531, "recall": 0.9344978165938864, "f1": 0.9106382978723403, "number": 916}, "MYTH": {"precision": 0.5415595544130248, "recall": 0.7069351230425056, "f1": 0.6132945172246482, "number": 1788}, "ORG": {"precision": 0.9164939295232455, "recall": 0.9353278936234511, "f1": 0.9258151361052945, "number": 6618}, "PER": {"precision": 0.9824726724462872, "recall": 0.9901234567901235, "f1": 0.9862832276984203, "number": 10530}, "PLANT": {"precision": 0.575, "recall": 0.71875, "f1": 0.6388888888888888, "number": 64}, "TIME": {"precision": 0.7838827838827839, "recall": 0.740484429065744, "f1": 0.7615658362989324, "number": 578}, "VEHI": {"precision": 0.6388888888888888, "recall": 0.71875, "f1": 0.676470588235294, "number": 64}, "overall_precision": 0.8986955526737356, "overall_recall": 0.9187755897835835, "overall_f1": 0.9086246457011743, "overall_accuracy": 0.9851653339096607}