{"AMIN": {"precision": 0.665886483323581, "recall": 0.7094763092269327, "f1": 0.6869906429218232, "number": 3208}, "DIS": {"precision": 0.6949569495694957, "recall": 0.7444005270092227, "f1": 0.7188295165394402, "number": 1518}, "LOC": {"precision": 0.954571783202317, "recall": 0.959414504324684, "f1": 0.9569870172964454, "number": 24048}, "ORG": {"precision": 0.9172087522176227, "recall": 0.9374433363553943, "f1": 0.9272156628306679, "number": 6618}, "PER": {"precision": 0.9817222536272847, "recall": 0.9895536562203229, "f1": 0.9856223987892546, "number": 10530}, "overall_precision": 0.9250944368131868, "overall_recall": 0.9385915247593746, "overall_f1": 0.931794106837884, "overall_accuracy": 0.9898451120236295}